--
-- Table structure for table `ospos_app_config`
--

CREATE TABLE `ospos_app_config` (
  `key` varchar(50) NOT NULL,
  `value` varchar(500) NOT NULL
) ENGINE=InnoDB DEFAULT CHARSET=utf8;

--
-- Dumping data for table `ospos_app_config`
--

INSERT INTO `ospos_app_config` (`key`, `value`) VALUES
('address', '123 Nowhere street'),
('allow_duplicate_barcodes', '0'),
('barcode_content', 'id'),
('barcode_first_row', 'category'),
('barcode_font', 'Arial'),
('barcode_font_size', '10'),
('barcode_formats', '[]'),
('barcode_generate_if_empty', '0'),
('barcode_height', '50'),
('barcode_num_in_row', '2'),
('barcode_page_cellspacing', '20'),
('barcode_page_width', '100'),
('barcode_second_row', 'item_code'),
('barcode_third_row', 'unit_price'),
('barcode_type', 'Code39'),
('barcode_width', '250'),
('cash_decimals', '2'),
('cash_rounding_code', '0'),
('company', 'Open Source Point of Sale'),
('company_logo', ''),
('country_codes', 'us'),
('currency_decimals', '2'),
('currency_symbol', '$'),
('customer_reward_enable', '0'),
('customer_sales_tax_support', '0'),
('dateformat', 'm/d/Y'),
('date_or_time_format', ''),
('default_origin_tax_code', ''),
('default_register_mode', 'sale'),
('default_sales_discount', '0'),
('default_tax_1_name', ''),
('default_tax_1_rate', ''),
('default_tax_2_name', ''),
('default_tax_2_rate', ''),
('default_tax_category', 'Standard'),
('default_tax_rate', '8'),
('derive_sale_quantity', '0'),
('dinner_table_enable', '0'),
('email', 'changeme@example.com'),
('email_receipt_check_behaviour', 'last'),
('enforce_privacy', '0'),
('fax', ''),
('financial_year', '1'),
('gcaptcha_enable', '0'),
('gcaptcha_secret_key', ''),
('gcaptcha_site_key', ''),
('giftcard_number', 'series'),
('invoice_default_comments', 'This is a default comment'),
('invoice_email_message', 'Dear {CU}, In attachment the receipt for sale {ISEQ}'),
('invoice_enable', '1'),
('language', 'english'),
('language_code', 'en-US'),
('last_used_invoice_number', '0'),
('last_used_quote_number', '0'),
('last_used_work_order_number', '0'),
('lines_per_page', '25'),
('line_sequence', '0'),
('mailpath', '/usr/sbin/sendmail'),
('msg_msg', ''),
('msg_pwd', ''),
('msg_src', ''),
('msg_uid', ''),
('notify_horizontal_position', 'center'),
('notify_vertical_position', 'bottom'),
('number_locale', 'en_US'),
('payment_options_order', 'cashdebitcredit'),
('phone', '555-555-5555'),
('print_bottom_margin', '0'),
('print_delay_autoreturn', '0'),
('print_footer', '0'),
('print_header', '0'),
('print_left_margin', '0'),
('print_receipt_check_behaviour', 'last'),
('print_right_margin', '0'),
('print_silently', '1'),
('print_top_margin', '0'),
('protocol', 'mail'),
('quantity_decimals', '0'),
('quote_default_comments', 'This is a default quote comment'),
('receipt_font_size', '12'),
('receipt_show_company_name', '1'),
('receipt_show_description', '1'),
('receipt_show_serialnumber', '1'),
('receipt_show_taxes', '0'),
('receipt_show_total_discount', '1'),
('receipt_template', 'receipt_default'),
('receiving_calculate_average_price', '0'),
('recv_invoice_format', '{CO}'),
('return_policy', 'Test'),
('sales_invoice_format', '{CO}'),
('sales_quote_format', 'Q%y{QSEQ:6}'),
('smtp_crypto', 'ssl'),
('smtp_host', ''),
('smtp_pass', ''),
('smtp_port', '465'),
('smtp_timeout', '5'),
('smtp_user', ''),
('suggestions_first_column', 'name'),
('suggestions_second_column', ''),
('suggestions_third_column', ''),
('tax_decimals', '2'),
('tax_included', '0'),
('theme', 'flatly'),
('thousands_separator', '1'),
('timeformat', 'H:i:s'),
('timezone', 'America/New_York'),
('website', ''),
('work_order_enable', '0'),
('work_order_format', 'W%y{WSEQ:6}');

-- --------------------------------------------------------

--
-- Table structure for table `ospos_customers`
--

CREATE TABLE `ospos_customers` (
  `person_id` int(10) NOT NULL,
  `company_name` varchar(255) DEFAULT NULL,
  `account_number` varchar(255) DEFAULT NULL,
  `taxable` int(1) NOT NULL DEFAULT '1',
  `sales_tax_code` varchar(32) NOT NULL DEFAULT '1',
  `discount_percent` decimal(15,2) NOT NULL DEFAULT '0.00',
  `package_id` int(11) DEFAULT NULL,
  `points` int(11) DEFAULT NULL,
  `deleted` int(1) NOT NULL DEFAULT '0',
  `date` timestamp NOT NULL DEFAULT CURRENT_TIMESTAMP,
  `employee_id` int(10) NOT NULL,
  `consent` int(1) NOT NULL DEFAULT '0'
) ENGINE=InnoDB DEFAULT CHARSET=utf8;

-- --------------------------------------------------------

--
-- Table structure for table `ospos_customers_packages`
--

CREATE TABLE `ospos_customers_packages` (
  `package_id` int(11) NOT NULL,
  `package_name` varchar(255) DEFAULT NULL,
  `points_percent` float NOT NULL DEFAULT '0',
  `deleted` int(1) NOT NULL DEFAULT '0'
) ENGINE=InnoDB DEFAULT CHARSET=utf8;

--
-- Dumping data for table `ospos_customers_packages`
--

INSERT INTO `ospos_customers_packages` (`package_id`, `package_name`, `points_percent`, `deleted`) VALUES
(1, 'Default', 0, 0),
(2, 'Bronze', 10, 0),
(3, 'Silver', 20, 0),
(4, 'Gold', 30, 0),
(5, 'Premium', 50, 0);

-- --------------------------------------------------------

--
-- Table structure for table `ospos_customers_points`
--

CREATE TABLE `ospos_customers_points` (
  `id` int(11) NOT NULL,
  `person_id` int(11) NOT NULL,
  `package_id` int(11) NOT NULL,
  `sale_id` int(11) NOT NULL,
  `points_earned` int(11) NOT NULL
) ENGINE=InnoDB DEFAULT CHARSET=utf8;

-- --------------------------------------------------------

--
-- Table structure for table `ospos_dinner_tables`
--

CREATE TABLE `ospos_dinner_tables` (
  `dinner_table_id` int(11) NOT NULL,
  `name` varchar(30) NOT NULL,
  `status` tinyint(1) NOT NULL DEFAULT '0',
  `deleted` int(1) NOT NULL DEFAULT '0'
) ENGINE=InnoDB DEFAULT CHARSET=utf8;

--
-- Dumping data for table `ospos_dinner_tables`
--

INSERT INTO `ospos_dinner_tables` (`dinner_table_id`, `name`, `status`, `deleted`) VALUES
(1, 'Delivery', 0, 0),
(2, 'Take Away', 0, 0);

-- --------------------------------------------------------

--
-- Table structure for table `ospos_employees`
--

CREATE TABLE `ospos_employees` (
  `username` varchar(255) NOT NULL,
  `password` varchar(255) NOT NULL,
  `person_id` int(10) NOT NULL,
  `deleted` int(1) NOT NULL DEFAULT '0',
  `hash_version` int(1) NOT NULL DEFAULT '2',
  `language` varchar(48) DEFAULT NULL,
  `language_code` varchar(8) DEFAULT NULL
) ENGINE=InnoDB DEFAULT CHARSET=utf8;

--
-- Dumping data for table `ospos_employees`
--

INSERT INTO `ospos_employees` (`username`, `password`, `person_id`, `deleted`, `hash_version`, `language`, `language_code`) VALUES
('admin', '$2y$10$vJBSMlD02EC7ENSrKfVQXuvq9tNRHMtcOA8MSK2NYS748HHWm.gcG', 1, 0, 2, NULL, NULL);

-- --------------------------------------------------------

--
-- Table structure for table `ospos_expenses`
--

CREATE TABLE `ospos_expenses` (
  `expense_id` int(10) NOT NULL,
  `date` timestamp NULL DEFAULT CURRENT_TIMESTAMP,
  `amount` decimal(15,2) NOT NULL,
  `payment_type` varchar(40) NOT NULL,
  `expense_category_id` int(11) NOT NULL,
  `description` varchar(255) NOT NULL,
  `employee_id` int(10) NOT NULL,
  `deleted` int(1) NOT NULL DEFAULT '0',
  `supplier_name` varchar(255) DEFAULT NULL,
  `supplier_tax_code` varchar(255) DEFAULT NULL,
  `tax_amount` decimal(15,2) DEFAULT NULL
) ENGINE=InnoDB DEFAULT CHARSET=utf8;

-- --------------------------------------------------------

--
-- Table structure for table `ospos_expense_categories`
--

CREATE TABLE `ospos_expense_categories` (
  `expense_category_id` int(10) NOT NULL,
  `category_name` varchar(255) DEFAULT NULL,
  `category_description` varchar(255) NOT NULL,
  `deleted` int(1) NOT NULL DEFAULT '0'
) ENGINE=InnoDB DEFAULT CHARSET=utf8;

-- --------------------------------------------------------

--
-- Table structure for table `ospos_giftcards`
--

CREATE TABLE `ospos_giftcards` (
  `record_time` timestamp NOT NULL DEFAULT CURRENT_TIMESTAMP,
  `giftcard_id` int(11) NOT NULL,
  `giftcard_number` varchar(255) DEFAULT NULL,
  `value` decimal(15,2) NOT NULL,
  `deleted` int(1) NOT NULL DEFAULT '0',
  `person_id` int(10) DEFAULT NULL
) ENGINE=InnoDB DEFAULT CHARSET=utf8;

-- --------------------------------------------------------

--
-- Table structure for table `ospos_grants`
--

CREATE TABLE `ospos_grants` (
  `permission_id` varchar(255) NOT NULL,
  `person_id` int(10) NOT NULL,
  `menu_group` varchar(32) DEFAULT 'home'
) ENGINE=InnoDB DEFAULT CHARSET=utf8;

--
-- Dumping data for table `ospos_grants`
--

INSERT INTO `ospos_grants` (`permission_id`, `person_id`, `menu_group`) VALUES
('config', 1, 'office'),
('customers', 1, 'home'),
('employees', 1, 'office'),
('expenses', 1, 'home'),
('expenses_categories', 1, 'home'),
('giftcards', 1, 'home'),
('home', 1, 'office'),
('items', 1, 'home'),
('items_stock', 1, 'home'),
('item_kits', 1, 'home'),
('messages', 1, 'home'),
('office', 1, 'home'),
('receivables', 1, 'home'),
('payables', 1, 'home'),
('receivings', 1, 'home'),
('receivings_stock', 1, 'home'),
('reports', 1, 'home'),
('reports_cashs', 1, 'home'),
('reports_categories', 1, 'home'),
('reports_customers', 1, 'home'),
('reports_discounts', 1, 'home'),
('reports_employees', 1, 'home'),
('reports_expenses_categories', 1, 'home'),
('reports_inventory', 1, 'home'),
('reports_items', 1, 'home'),
('reports_payments', 1, 'home'),
('reports_receivings', 1, 'home'),
('reports_sales', 1, 'home'),
('reports_suppliers', 1, 'home'),
('reports_taxes', 1, 'home'),
('sales', 1, 'home'),
('sales_delete', 1, '--'),
('sales_stock', 1, 'home'),
('suppliers', 1, 'home'),
('taxes', 1, 'office');

-- --------------------------------------------------------

--
-- Table structure for table `ospos_inventory`
--

CREATE TABLE `ospos_inventory` (
  `trans_id` int(11) NOT NULL,
  `trans_items` int(11) NOT NULL DEFAULT '0',
  `trans_user` int(11) NOT NULL DEFAULT '0',
  `trans_date` timestamp NOT NULL DEFAULT CURRENT_TIMESTAMP,
  `trans_comment` text NOT NULL,
  `trans_location` int(11) NOT NULL,
  `trans_inventory` decimal(15,3) NOT NULL DEFAULT '0.000'
) ENGINE=InnoDB DEFAULT CHARSET=utf8;

-- --------------------------------------------------------

--
-- Table structure for table `ospos_items`
--

CREATE TABLE `ospos_items` (
  `name` varchar(255) NOT NULL,
  `category` varchar(255) NOT NULL,
  `supplier_id` int(11) DEFAULT NULL,
  `item_number` varchar(255) DEFAULT NULL,
  `description` varchar(255) NOT NULL,
  `cost_price` decimal(15,2) NOT NULL,
  `unit_price` decimal(15,2) NOT NULL,
  `reorder_level` decimal(15,3) NOT NULL DEFAULT '0.000',
  `receiving_quantity` decimal(15,3) NOT NULL DEFAULT '1.000',
  `item_id` int(10) NOT NULL,
  `pic_filename` varchar(255) DEFAULT NULL,
  `allow_alt_description` tinyint(1) NOT NULL,
  `is_serialized` tinyint(1) NOT NULL,
  `stock_type` tinyint(2) NOT NULL DEFAULT '0',
  `item_type` tinyint(2) NOT NULL DEFAULT '0',
  `tax_category_id` int(10) NOT NULL DEFAULT '1',
  `deleted` int(1) NOT NULL DEFAULT '0',
  `custom1` varchar(255) DEFAULT NULL,
  `custom2` varchar(255) DEFAULT NULL,
  `custom3` varchar(255) DEFAULT NULL,
  `custom4` varchar(255) DEFAULT NULL,
  `custom5` varchar(255) DEFAULT NULL,
  `custom6` varchar(255) DEFAULT NULL,
  `custom7` varchar(255) DEFAULT NULL,
  `custom8` varchar(255) DEFAULT NULL,
  `custom9` varchar(255) DEFAULT NULL,
  `custom10` varchar(255) DEFAULT NULL
) ENGINE=InnoDB DEFAULT CHARSET=utf8;

-- --------------------------------------------------------

--
-- Table structure for table `ospos_items_taxes`
--

CREATE TABLE `ospos_items_taxes` (
  `item_id` int(10) NOT NULL,
  `name` varchar(255) NOT NULL,
  `percent` decimal(15,3) NOT NULL
) ENGINE=InnoDB DEFAULT CHARSET=utf8;

-- --------------------------------------------------------

--
-- Table structure for table `ospos_item_kits`
--

CREATE TABLE `ospos_item_kits` (
  `item_kit_id` int(11) NOT NULL,
  `name` varchar(255) NOT NULL,
  `item_id` int(10) NOT NULL DEFAULT '0',
  `kit_discount_percent` decimal(15,2) NOT NULL DEFAULT '0.00',
  `price_option` tinyint(2) NOT NULL DEFAULT '0',
  `print_option` tinyint(2) NOT NULL DEFAULT '0',
  `description` varchar(255) NOT NULL
) ENGINE=InnoDB DEFAULT CHARSET=utf8;

-- --------------------------------------------------------

--
-- Table structure for table `ospos_item_kit_items`
--

CREATE TABLE `ospos_item_kit_items` (
  `item_kit_id` int(11) NOT NULL,
  `item_id` int(11) NOT NULL,
  `quantity` decimal(15,3) NOT NULL,
  `kit_sequence` int(3) NOT NULL DEFAULT '0'
) ENGINE=InnoDB DEFAULT CHARSET=utf8;

-- --------------------------------------------------------

--
-- Table structure for table `ospos_item_quantities`
--

CREATE TABLE `ospos_item_quantities` (
  `item_id` int(11) NOT NULL,
  `location_id` int(11) NOT NULL,
  `quantity` decimal(15,3) NOT NULL DEFAULT '0.000'
) ENGINE=InnoDB DEFAULT CHARSET=utf8;

-- --------------------------------------------------------

--
-- Table structure for table `ospos_migrations`
--

CREATE TABLE `ospos_migrations` (
  `version` bigint(20) NOT NULL
) ENGINE=MyISAM DEFAULT CHARSET=utf8;

--
-- Dumping data for table `ospos_migrations`
--

INSERT INTO `ospos_migrations` (`version`) VALUES
(20180501100000);

-- --------------------------------------------------------

--
-- Table structure for table `ospos_modules`
--

CREATE TABLE `ospos_modules` (
  `name_lang_key` varchar(255) NOT NULL,
  `desc_lang_key` varchar(255) NOT NULL,
  `sort` int(10) NOT NULL,
  `module_id` varchar(255) NOT NULL
) ENGINE=InnoDB DEFAULT CHARSET=utf8;

--
-- Dumping data for table `ospos_modules`
--

INSERT INTO `ospos_modules` (`name_lang_key`, `desc_lang_key`, `sort`, `module_id`) VALUES
('module_config', 'module_config_desc', 110, 'config'),
('module_customers', 'module_customers_desc', 10, 'customers'),
('module_employees', 'module_employees_desc', 80, 'employees'),
('module_expenses', 'module_expenses_desc', 108, 'expenses'),
('module_expenses_categories', 'module_expenses_categories_desc', 109, 'expenses_categories'),
('module_giftcards', 'module_giftcards_desc', 90, 'giftcards'),
('module_home', 'module_home_desc', 1, 'home'),
('module_items', 'module_items_desc', 20, 'items'),
('module_item_kits', 'module_item_kits_desc', 30, 'item_kits'),
('module_messages', 'module_messages_desc', 98, 'messages'),
('module_office', 'module_office_desc', 999, 'office'),
('module_receivables', 'module_receivables_desc', 75, 'receivables'),
('module_payables', 'module_payables_desc', 65, 'payables'),
('module_receivings', 'module_receivings_desc', 60, 'receivings'),
('module_reports', 'module_reports_desc', 50, 'reports'),
('module_sales', 'module_sales_desc', 70, 'sales'),
('module_suppliers', 'module_suppliers_desc', 40, 'suppliers'),
('module_taxes', 'module_taxes_desc', 105, 'taxes');

-- --------------------------------------------------------

--
-- Table structure for table `ospos_people`
--

CREATE TABLE `ospos_people` (
  `first_name` varchar(255) NOT NULL,
  `last_name` varchar(255) NOT NULL,
  `gender` int(1) DEFAULT NULL,
  `phone_number` varchar(255) NOT NULL,
  `email` varchar(255) NOT NULL,
  `address_1` varchar(255) NOT NULL,
  `address_2` varchar(255) NOT NULL,
  `city` varchar(255) NOT NULL,
  `state` varchar(255) NOT NULL,
  `zip` varchar(255) NOT NULL,
  `country` varchar(255) NOT NULL,
  `comments` text NOT NULL,
  `person_id` int(10) NOT NULL
) ENGINE=InnoDB DEFAULT CHARSET=utf8;

--
-- Dumping data for table `ospos_people`
--

INSERT INTO `ospos_people` (`first_name`, `last_name`, `gender`, `phone_number`, `email`, `address_1`, `address_2`, `city`, `state`, `zip`, `country`, `comments`, `person_id`) VALUES
('John', 'Doe', NULL, '555-555-5555', 'changeme@example.com', 'Address 1', '', '', '', '', '', '', 1);

-- --------------------------------------------------------

--
-- Table structure for table `ospos_permissions`
--

CREATE TABLE `ospos_permissions` (
  `permission_id` varchar(255) NOT NULL,
  `module_id` varchar(255) NOT NULL,
  `location_id` int(10) DEFAULT NULL
) ENGINE=InnoDB DEFAULT CHARSET=utf8;

--
-- Dumping data for table `ospos_permissions`
--

INSERT INTO `ospos_permissions` (`permission_id`, `module_id`, `location_id`) VALUES
('config', 'config', NULL),
('customers', 'customers', NULL),
('employees', 'employees', NULL),
('expenses', 'expenses', NULL),
('expenses_categories', 'expenses_categories', NULL),
('giftcards', 'giftcards', NULL),
('home', 'home', NULL),
('items', 'items', NULL),
('items_stock', 'items', 1),
('item_kits', 'item_kits', NULL),
('messages', 'messages', NULL),
('office', 'office', NULL),
('receivables', 'receivables', NULL),
('payables', 'payables', NULL),
('receivings', 'receivings', NULL),
('receivings_stock', 'receivings', 1),
('reports', 'reports', NULL),
('reports_cashs', 'reports', NULL),
('reports_categories', 'reports', NULL),
('reports_customers', 'reports', NULL),
('reports_discounts', 'reports', NULL),
('reports_employees', 'reports', NULL),
('reports_expenses_categories', 'reports', NULL),
('reports_inventory', 'reports', NULL),
('reports_items', 'reports', NULL),
('reports_payments', 'reports', NULL),
('reports_receivings', 'reports', NULL),
('reports_sales', 'reports', NULL),
('reports_suppliers', 'reports', NULL),
('reports_taxes', 'reports', NULL),
('sales', 'sales', NULL),
('sales_delete', 'sales', NULL),
('sales_stock', 'sales', 1),
('suppliers', 'suppliers', NULL),
('taxes', 'taxes', NULL);

-- --------------------------------------------------------

--
-- Table structure for table `ospos_receivings`
--

CREATE TABLE `ospos_receivings` (
  `receiving_time` timestamp NOT NULL DEFAULT CURRENT_TIMESTAMP,
  `supplier_id` int(10) DEFAULT NULL,
  `employee_id` int(10) NOT NULL DEFAULT '0',
  `comment` text,
  `receiving_id` int(10) NOT NULL,
  `payment_type` varchar(20) DEFAULT NULL,
  `reference` varchar(32) DEFAULT NULL
) ENGINE=InnoDB DEFAULT CHARSET=utf8;

-- --------------------------------------------------------

--
-- Table structure for table `ospos_receivings_items`
--

CREATE TABLE `ospos_receivings_items` (
  `receiving_id` int(10) NOT NULL DEFAULT '0',
  `item_id` int(10) NOT NULL DEFAULT '0',
  `description` varchar(30) DEFAULT NULL,
  `serialnumber` varchar(30) DEFAULT NULL,
  `line` int(3) NOT NULL,
  `quantity_purchased` decimal(15,3) NOT NULL DEFAULT '0.000',
  `item_cost_price` decimal(15,2) NOT NULL,
  `item_unit_price` decimal(15,2) NOT NULL,
  `discount_percent` decimal(15,2) NOT NULL DEFAULT '0.00',
  `item_location` int(11) NOT NULL,
  `receiving_quantity` decimal(15,3) NOT NULL DEFAULT '1.000'
) ENGINE=InnoDB DEFAULT CHARSET=utf8;

-- --------------------------------------------------------

--
-- Table structure for table `ospos_receivings_payables`
--

CREATE TABLE `ospos_receivings_payables` (
  `amount` int(11) NOT NULL,
  `receiving_id` int(11) NOT NULL,
  `payable_id` int(11) NOT NULL
) ENGINE=InnoDB DEFAULT CHARSET=utf8;

-- --------------------------------------------------------

--
-- Table structure for table `ospos_receivings_payments`
--

CREATE TABLE `ospos_receivings_payments` (
  `payment_id` int(11) NOT NULL,
  `receiving_id` int(11) NOT NULL,
  `payable_id` int(11) NULL,
  `payment_date` date NOT NULL,
  `payment_amount` int(11) NOT NULL,
  `payment_type` varchar(100) NOT NULL
) ENGINE=InnoDB DEFAULT CHARSET=utf8;

-- --------------------------------------------------------

--
-- Table structure for table `ospos_sales`
--

CREATE TABLE `ospos_sales` (
  `sale_time` timestamp NOT NULL DEFAULT CURRENT_TIMESTAMP,
  `customer_id` int(10) DEFAULT NULL,
  `employee_id` int(10) NOT NULL DEFAULT '0',
  `comment` text,
  `invoice_number` varchar(32) DEFAULT NULL,
  `quote_number` varchar(32) DEFAULT NULL,
  `sale_id` int(10) NOT NULL,
  `sale_status` tinyint(2) NOT NULL DEFAULT '0',
  `dinner_table_id` int(11) DEFAULT NULL,
  `work_order_number` varchar(32) DEFAULT NULL,
  `sale_type` tinyint(2) NOT NULL DEFAULT '0',
  `change_returned` decimal(15,2) NULL DEFAULT '0.00'
) ENGINE=InnoDB DEFAULT CHARSET=utf8;

-- --------------------------------------------------------

--
-- Table structure for table `ospos_sales_items`
--

CREATE TABLE `ospos_sales_items` (
  `sale_id` int(10) NOT NULL DEFAULT '0',
  `item_id` int(10) NOT NULL DEFAULT '0',
  `description` varchar(255) DEFAULT NULL,
  `serialnumber` varchar(30) DEFAULT NULL,
  `line` int(3) NOT NULL DEFAULT '0',
  `quantity_purchased` decimal(15,3) NOT NULL DEFAULT '0.000',
  `item_cost_price` decimal(15,2) NOT NULL,
  `item_unit_price` decimal(15,2) NOT NULL,
  `discount_percent` decimal(15,2) NOT NULL DEFAULT '0.00',
  `item_location` int(11) NOT NULL,
  `print_option` tinyint(2) NOT NULL DEFAULT '0'
) ENGINE=InnoDB DEFAULT CHARSET=utf8;

-- --------------------------------------------------------

--
-- Table structure for table `ospos_sales_items_taxes`
--

CREATE TABLE `ospos_sales_items_taxes` (
  `sale_id` int(10) NOT NULL,
  `item_id` int(10) NOT NULL,
  `line` int(3) NOT NULL DEFAULT '0',
  `name` varchar(255) NOT NULL,
  `percent` decimal(15,4) NOT NULL DEFAULT '0.0000',
  `tax_type` tinyint(2) NOT NULL DEFAULT '0',
  `rounding_code` tinyint(2) NOT NULL DEFAULT '0',
  `cascade_tax` tinyint(2) NOT NULL DEFAULT '0',
  `cascade_sequence` tinyint(2) NOT NULL DEFAULT '0',
  `item_tax_amount` decimal(15,4) NOT NULL DEFAULT '0.0000'
) ENGINE=InnoDB DEFAULT CHARSET=utf8;

-- --------------------------------------------------------

--
-- Table structure for table `ospos_sales_payments`
--

CREATE TABLE `ospos_sales_payments` (
  `payment_id` int(11) NOT NULL,
  `sale_id` int(10) NOT NULL,
  `receivable_id` int(11) DEFAULT NULL,
  `payment_type` varchar(40) NOT NULL,
  `payment_amount` decimal(15,2) NOT NULL,
  `payment_date` timestamp NOT NULL DEFAULT CURRENT_TIMESTAMP
) ENGINE=InnoDB DEFAULT CHARSET=utf8;

-- --------------------------------------------------------

--
-- Table structure for table `ospos_sales_receivables`
--

CREATE TABLE `ospos_sales_receivables` (
  `receivable_id` int(11) NOT NULL,
  `sale_id` int(10) NOT NULL,
  `amount` decimal(15,2) NOT NULL
) ENGINE=InnoDB DEFAULT CHARSET=utf8;

-- --------------------------------------------------------

--
-- Table structure for table `ospos_sales_reward_points`
--

CREATE TABLE `ospos_sales_reward_points` (
  `id` int(11) NOT NULL,
  `sale_id` int(11) NOT NULL,
  `earned` float NOT NULL,
  `used` float NOT NULL
) ENGINE=InnoDB DEFAULT CHARSET=utf8;

-- --------------------------------------------------------

--
-- Table structure for table `ospos_sales_taxes`
--

CREATE TABLE `ospos_sales_taxes` (
  `sale_id` int(10) NOT NULL,
  `tax_type` smallint(2) NOT NULL,
  `tax_group` varchar(32) NOT NULL,
  `sale_tax_basis` decimal(15,4) NOT NULL,
  `sale_tax_amount` decimal(15,4) NOT NULL,
  `print_sequence` tinyint(2) NOT NULL DEFAULT '0',
  `name` varchar(255) NOT NULL,
  `tax_rate` decimal(15,4) NOT NULL,
  `sales_tax_code` varchar(32) NOT NULL DEFAULT '',
  `rounding_code` tinyint(2) NOT NULL DEFAULT '0'
) ENGINE=InnoDB DEFAULT CHARSET=utf8;

-- --------------------------------------------------------

--
-- Table structure for table `ospos_sessions`
--

CREATE TABLE `ospos_sessions` (
  `id` varchar(40) NOT NULL,
  `ip_address` varchar(45) NOT NULL,
  `timestamp` int(10) UNSIGNED NOT NULL DEFAULT '0',
  `data` blob NOT NULL
) ENGINE=InnoDB DEFAULT CHARSET=utf8;

--
-- Dumping data for table `ospos_sessions`
--

INSERT INTO `ospos_sessions` (`id`, `ip_address`, `timestamp`, `data`) VALUES
('hhv0icg0e4prl799oelsgleuqah3d31h', '::1', 1537790101, 0x5f5f63695f6c6173745f726567656e65726174657c693a313533373739303039323b706572736f6e5f69647c733a313a2231223b6d656e755f67726f75707c733a343a22686f6d65223b),
('g8nbso2p8nl03kaq2aj31gd3uicp3ia6', '::1', 1537793802, 0x5f5f63695f6c6173745f726567656e65726174657c693a313533373739333732373b706572736f6e5f69647c733a313a2231223b6d656e755f67726f75707c733a343a22686f6d65223b73616c655f69647c693a2d313b73616c65735f636172747c613a303a7b7d73616c65735f637573746f6d65727c693a2d313b73616c65735f6d6f64657c733a343a2273616c65223b73616c65735f6c6f636174696f6e7c733a313a2231223b73616c65735f7061796d656e74737c613a303a7b7d636173685f6d6f64657c693a303b636173685f726f756e64696e677c693a303b73616c65735f696e766f6963655f6e756d6265727c4e3b),
('1o4vnqciao5449q0djjgvp8q31q2l4vm', '::1', 1537796581, 0x5f5f63695f6c6173745f726567656e65726174657c693a313533373739343138343b706572736f6e5f69647c733a313a2231223b6d656e755f67726f75707c733a343a22686f6d65223b73616c655f69647c693a2d313b73616c65735f636172747c613a303a7b7d73616c65735f637573746f6d65727c693a2d313b73616c65735f6d6f64657c733a343a2273616c65223b73616c65735f6c6f636174696f6e7c733a313a2231223b73616c65735f7061796d656e74737c613a303a7b7d636173685f6d6f64657c693a303b636173685f726f756e64696e677c693a303b73616c65735f696e766f6963655f6e756d6265727c4e3b),
('9kttj7uk2ju00r5lblaoeu3t91ej5p76', '::1', 1537957130, 0x5f5f63695f6c6173745f726567656e65726174657c693a313533373935373039373b706572736f6e5f69647c733a313a2231223b6d656e755f67726f75707c733a343a22686f6d65223b);

-- --------------------------------------------------------

--
-- Table structure for table `ospos_stock_locations`
--

CREATE TABLE `ospos_stock_locations` (
  `location_id` int(11) NOT NULL,
  `location_name` varchar(255) DEFAULT NULL,
  `deleted` int(1) NOT NULL DEFAULT '0'
) ENGINE=InnoDB DEFAULT CHARSET=utf8;

--
-- Dumping data for table `ospos_stock_locations`
--

INSERT INTO `ospos_stock_locations` (`location_id`, `location_name`, `deleted`) VALUES
(1, 'stock', 0);

-- --------------------------------------------------------

--
-- Table structure for table `ospos_suppliers`
--

CREATE TABLE `ospos_suppliers` (
  `person_id` int(10) NOT NULL,
  `company_name` varchar(255) NOT NULL,
  `agency_name` varchar(255) NOT NULL,
  `account_number` varchar(255) DEFAULT NULL,
  `deleted` int(1) NOT NULL DEFAULT '0'
) ENGINE=InnoDB DEFAULT CHARSET=utf8;

-- --------------------------------------------------------

--
-- Table structure for table `ospos_tax_categories`
--

CREATE TABLE `ospos_tax_categories` (
  `tax_category_id` int(10) NOT NULL,
  `tax_category` varchar(32) NOT NULL,
  `tax_group_sequence` tinyint(2) NOT NULL
) ENGINE=InnoDB DEFAULT CHARSET=utf8;

--
-- Dumping data for table `ospos_tax_categories`
--

INSERT INTO `ospos_tax_categories` (`tax_category_id`, `tax_category`, `tax_group_sequence`) VALUES
(1, 'Standard', 10),
(2, 'Service', 12),
(3, 'Alcohol', 11);

-- --------------------------------------------------------

--
-- Table structure for table `ospos_tax_codes`
--

CREATE TABLE `ospos_tax_codes` (
  `tax_code` varchar(32) NOT NULL,
  `tax_code_name` varchar(255) NOT NULL DEFAULT '',
  `tax_code_type` tinyint(2) NOT NULL DEFAULT '0',
  `city` varchar(255) NOT NULL DEFAULT '',
  `state` varchar(255) NOT NULL DEFAULT ''
) ENGINE=InnoDB DEFAULT CHARSET=utf8;

-- --------------------------------------------------------

--
-- Table structure for table `ospos_tax_code_rates`
--

CREATE TABLE `ospos_tax_code_rates` (
  `rate_tax_code` varchar(32) NOT NULL,
  `rate_tax_category_id` int(10) NOT NULL,
  `tax_rate` decimal(15,4) NOT NULL DEFAULT '0.0000',
  `rounding_code` tinyint(2) NOT NULL DEFAULT '0'
) ENGINE=InnoDB DEFAULT CHARSET=utf8;

--
-- Indexes for dumped tables
--

--
-- Indexes for table `ospos_app_config`
--
ALTER TABLE `ospos_app_config`
  ADD PRIMARY KEY (`key`);

--
-- Indexes for table `ospos_customers`
--
ALTER TABLE `ospos_customers`
  ADD UNIQUE KEY `account_number` (`account_number`),
  ADD KEY `person_id` (`person_id`),
  ADD KEY `package_id` (`package_id`);

--
-- Indexes for table `ospos_customers_packages`
--
ALTER TABLE `ospos_customers_packages`
  ADD PRIMARY KEY (`package_id`);

--
-- Indexes for table `ospos_customers_points`
--
ALTER TABLE `ospos_customers_points`
  ADD PRIMARY KEY (`id`),
  ADD KEY `person_id` (`person_id`),
  ADD KEY `package_id` (`package_id`),
  ADD KEY `sale_id` (`sale_id`);

--
-- Indexes for table `ospos_dinner_tables`
--
ALTER TABLE `ospos_dinner_tables`
  ADD PRIMARY KEY (`dinner_table_id`);

--
-- Indexes for table `ospos_employees`
--
ALTER TABLE `ospos_employees`
  ADD UNIQUE KEY `username` (`username`),
  ADD KEY `person_id` (`person_id`);

--
-- Indexes for table `ospos_expenses`
--
ALTER TABLE `ospos_expenses`
  ADD PRIMARY KEY (`expense_id`),
  ADD KEY `expense_category_id` (`expense_category_id`),
  ADD KEY `employee_id` (`employee_id`);

--
-- Indexes for table `ospos_expense_categories`
--
ALTER TABLE `ospos_expense_categories`
  ADD PRIMARY KEY (`expense_category_id`),
  ADD UNIQUE KEY `category_name` (`category_name`);

--
-- Indexes for table `ospos_giftcards`
--
ALTER TABLE `ospos_giftcards`
  ADD PRIMARY KEY (`giftcard_id`),
  ADD UNIQUE KEY `giftcard_number` (`giftcard_number`),
  ADD KEY `person_id` (`person_id`);

--
-- Indexes for table `ospos_grants`
--
ALTER TABLE `ospos_grants`
  ADD PRIMARY KEY (`permission_id`,`person_id`),
  ADD KEY `ospos_grants_ibfk_2` (`person_id`);

--
-- Indexes for table `ospos_inventory`
--
ALTER TABLE `ospos_inventory`
  ADD PRIMARY KEY (`trans_id`),
  ADD KEY `trans_items` (`trans_items`),
  ADD KEY `trans_user` (`trans_user`),
  ADD KEY `trans_location` (`trans_location`);

--
-- Indexes for table `ospos_items`
--
ALTER TABLE `ospos_items`
  ADD PRIMARY KEY (`item_id`),
  ADD KEY `item_number` (`item_number`),
  ADD KEY `supplier_id` (`supplier_id`);

--
-- Indexes for table `ospos_items_taxes`
--
ALTER TABLE `ospos_items_taxes`
  ADD PRIMARY KEY (`item_id`,`name`,`percent`);

--
-- Indexes for table `ospos_item_kits`
--
ALTER TABLE `ospos_item_kits`
  ADD PRIMARY KEY (`item_kit_id`);

--
-- Indexes for table `ospos_item_kit_items`
--
ALTER TABLE `ospos_item_kit_items`
  ADD PRIMARY KEY (`item_kit_id`,`item_id`,`quantity`),
  ADD KEY `ospos_item_kit_items_ibfk_2` (`item_id`);

--
-- Indexes for table `ospos_item_quantities`
--
ALTER TABLE `ospos_item_quantities`
  ADD PRIMARY KEY (`item_id`,`location_id`),
  ADD KEY `item_id` (`item_id`),
  ADD KEY `location_id` (`location_id`);

--
-- Indexes for table `ospos_modules`
--
ALTER TABLE `ospos_modules`
  ADD PRIMARY KEY (`module_id`),
  ADD UNIQUE KEY `desc_lang_key` (`desc_lang_key`),
  ADD UNIQUE KEY `name_lang_key` (`name_lang_key`);

--
-- Indexes for table `ospos_people`
--
ALTER TABLE `ospos_people`
  ADD PRIMARY KEY (`person_id`),
  ADD KEY `email` (`email`);

--
-- Indexes for table `ospos_permissions`
--
ALTER TABLE `ospos_permissions`
  ADD PRIMARY KEY (`permission_id`),
  ADD KEY `module_id` (`module_id`),
  ADD KEY `ospos_permissions_ibfk_2` (`location_id`);

--
-- Indexes for table `ospos_receivings`
--
ALTER TABLE `ospos_receivings`
  ADD PRIMARY KEY (`receiving_id`),
  ADD KEY `supplier_id` (`supplier_id`),
  ADD KEY `employee_id` (`employee_id`),
  ADD KEY `reference` (`reference`);

--
-- Indexes for table `ospos_receivings_items`
--
ALTER TABLE `ospos_receivings_items`
  ADD PRIMARY KEY (`receiving_id`,`item_id`,`line`),
  ADD KEY `item_id` (`item_id`);

--
-- Indexes for table `ospos_receivings_payables`
--
ALTER TABLE `ospos_receivings_payables`
  ADD PRIMARY KEY (`payable_id`),
  ADD KEY `receiving_id` (`receiving_id`);

--
-- Indexes for table `ospos_receivings_payments`
--
ALTER TABLE `ospos_receivings_payments`
  ADD PRIMARY KEY (`payment_id`),
  ADD KEY `receiving_id` (`receiving_id`),
  ADD KEY `payable_id` (`payable_id`);

--
-- Indexes for table `ospos_sales`
--
ALTER TABLE `ospos_sales`
  ADD PRIMARY KEY (`sale_id`),
  ADD UNIQUE KEY `invoice_number` (`invoice_number`),
  ADD KEY `customer_id` (`customer_id`),
  ADD KEY `employee_id` (`employee_id`),
  ADD KEY `sale_time` (`sale_time`),
  ADD KEY `dinner_table_id` (`dinner_table_id`);

--
-- Indexes for table `ospos_sales_items`
--
ALTER TABLE `ospos_sales_items`
  ADD PRIMARY KEY (`sale_id`,`item_id`,`line`),
  ADD KEY `sale_id` (`sale_id`),
  ADD KEY `item_id` (`item_id`),
  ADD KEY `item_location` (`item_location`);

--
-- Indexes for table `ospos_sales_items_taxes`
--
ALTER TABLE `ospos_sales_items_taxes`
  ADD PRIMARY KEY (`sale_id`,`item_id`,`line`,`name`,`percent`),
  ADD KEY `sale_id` (`sale_id`),
  ADD KEY `item_id` (`item_id`);

--
-- Indexes for table `ospos_sales_payments`
--
ALTER TABLE `ospos_sales_payments`
  ADD PRIMARY KEY (`payment_id`),
  ADD KEY `sale_id` (`sale_id`),
  ADD KEY `receivable_id` (`receivable_id`);

--
-- Indexes for table `ospos_sales_receivables`
--
ALTER TABLE `ospos_sales_receivables`
  ADD PRIMARY KEY (`receivable_id`),
  ADD KEY `sale_id` (`sale_id`);

--
-- Indexes for table `ospos_sales_reward_points`
--
ALTER TABLE `ospos_sales_reward_points`
  ADD PRIMARY KEY (`id`),
  ADD KEY `sale_id` (`sale_id`);

--
-- Indexes for table `ospos_sales_taxes`
--
ALTER TABLE `ospos_sales_taxes`
  ADD PRIMARY KEY (`sale_id`,`tax_type`,`tax_group`),
  ADD KEY `print_sequence` (`sale_id`,`print_sequence`,`tax_type`,`tax_group`);

--
-- Indexes for table `ospos_sessions`
--
ALTER TABLE `ospos_sessions`
  ADD KEY `ci_sessions_timestamp` (`timestamp`);

--
-- Indexes for table `ospos_stock_locations`
--
ALTER TABLE `ospos_stock_locations`
  ADD PRIMARY KEY (`location_id`);

--
-- Indexes for table `ospos_suppliers`
--
ALTER TABLE `ospos_suppliers`
  ADD UNIQUE KEY `account_number` (`account_number`),
  ADD KEY `person_id` (`person_id`);

--
-- Indexes for table `ospos_tax_categories`
--
ALTER TABLE `ospos_tax_categories`
  ADD PRIMARY KEY (`tax_category_id`);

--
-- Indexes for table `ospos_tax_codes`
--
ALTER TABLE `ospos_tax_codes`
  ADD PRIMARY KEY (`tax_code`);

--
-- Indexes for table `ospos_tax_code_rates`
--
ALTER TABLE `ospos_tax_code_rates`
  ADD PRIMARY KEY (`rate_tax_code`,`rate_tax_category_id`);

--
-- AUTO_INCREMENT for dumped tables
--

--
-- AUTO_INCREMENT for table `ospos_customers_packages`
--
ALTER TABLE `ospos_customers_packages`
  MODIFY `package_id` int(11) NOT NULL AUTO_INCREMENT, AUTO_INCREMENT=6;

--
-- AUTO_INCREMENT for table `ospos_customers_points`
--
ALTER TABLE `ospos_customers_points`
  MODIFY `id` int(11) NOT NULL AUTO_INCREMENT;

--
-- AUTO_INCREMENT for table `ospos_dinner_tables`
--
ALTER TABLE `ospos_dinner_tables`
  MODIFY `dinner_table_id` int(11) NOT NULL AUTO_INCREMENT, AUTO_INCREMENT=3;

--
-- AUTO_INCREMENT for table `ospos_expenses`
--
ALTER TABLE `ospos_expenses`
  MODIFY `expense_id` int(10) NOT NULL AUTO_INCREMENT;

--
-- AUTO_INCREMENT for table `ospos_expense_categories`
--
ALTER TABLE `ospos_expense_categories`
  MODIFY `expense_category_id` int(10) NOT NULL AUTO_INCREMENT;

--
-- AUTO_INCREMENT for table `ospos_giftcards`
--
ALTER TABLE `ospos_giftcards`
  MODIFY `giftcard_id` int(11) NOT NULL AUTO_INCREMENT;

--
-- AUTO_INCREMENT for table `ospos_inventory`
--
ALTER TABLE `ospos_inventory`
  MODIFY `trans_id` int(11) NOT NULL AUTO_INCREMENT;

--
-- AUTO_INCREMENT for table `ospos_items`
--
ALTER TABLE `ospos_items`
  MODIFY `item_id` int(10) NOT NULL AUTO_INCREMENT;

--
-- AUTO_INCREMENT for table `ospos_item_kits`
--
ALTER TABLE `ospos_item_kits`
  MODIFY `item_kit_id` int(11) NOT NULL AUTO_INCREMENT;

--
-- AUTO_INCREMENT for table `ospos_people`
--
ALTER TABLE `ospos_people`
  MODIFY `person_id` int(10) NOT NULL AUTO_INCREMENT, AUTO_INCREMENT=2;

--
-- AUTO_INCREMENT for table `ospos_receivings`
--
ALTER TABLE `ospos_receivings`
  MODIFY `receiving_id` int(10) NOT NULL AUTO_INCREMENT;

--
-- AUTO_INCREMENT for table `ospos_receivings_payables`
--
ALTER TABLE `ospos_receivings_payables`
  MODIFY `payable_id` int(11) NOT NULL AUTO_INCREMENT;

--
-- AUTO_INCREMENT for table `ospos_receivings_payments`
--
ALTER TABLE `ospos_receivings_payments`
  MODIFY `payment_id` int(11) NOT NULL AUTO_INCREMENT;

--
-- AUTO_INCREMENT for table `ospos_sales`
--
ALTER TABLE `ospos_sales`
  MODIFY `sale_id` int(10) NOT NULL AUTO_INCREMENT;

--
-- AUTO_INCREMENT for table `ospos_sales_payments`
--
ALTER TABLE `ospos_sales_payments`
  MODIFY `payment_id` int(11) NOT NULL AUTO_INCREMENT;

--
-- AUTO_INCREMENT for table `ospos_sales_receivables`
--
ALTER TABLE `ospos_sales_receivables`
  MODIFY `receivable_id` int(11) NOT NULL AUTO_INCREMENT;

--
-- AUTO_INCREMENT for table `ospos_sales_reward_points`
--
ALTER TABLE `ospos_sales_reward_points`
  MODIFY `id` int(11) NOT NULL AUTO_INCREMENT;

--
-- AUTO_INCREMENT for table `ospos_stock_locations`
--
ALTER TABLE `ospos_stock_locations`
  MODIFY `location_id` int(11) NOT NULL AUTO_INCREMENT, AUTO_INCREMENT=2;

--
-- AUTO_INCREMENT for table `ospos_tax_categories`
--
ALTER TABLE `ospos_tax_categories`
  MODIFY `tax_category_id` int(10) NOT NULL AUTO_INCREMENT, AUTO_INCREMENT=4;

--
-- Constraints for dumped tables
--

--
-- Constraints for table `ospos_customers`
--
ALTER TABLE `ospos_customers`
  ADD CONSTRAINT `ospos_customers_ibfk_1` FOREIGN KEY (`person_id`) REFERENCES `ospos_people` (`person_id`),
  ADD CONSTRAINT `ospos_customers_ibfk_2` FOREIGN KEY (`package_id`) REFERENCES `ospos_customers_packages` (`package_id`);

--
-- Constraints for table `ospos_customers_points`
--
ALTER TABLE `ospos_customers_points`
  ADD CONSTRAINT `ospos_customers_points_ibfk_1` FOREIGN KEY (`person_id`) REFERENCES `ospos_customers` (`person_id`),
  ADD CONSTRAINT `ospos_customers_points_ibfk_2` FOREIGN KEY (`package_id`) REFERENCES `ospos_customers_packages` (`package_id`),
  ADD CONSTRAINT `ospos_customers_points_ibfk_3` FOREIGN KEY (`sale_id`) REFERENCES `ospos_sales` (`sale_id`);

--
-- Constraints for table `ospos_employees`
--
ALTER TABLE `ospos_employees`
  ADD CONSTRAINT `ospos_employees_ibfk_1` FOREIGN KEY (`person_id`) REFERENCES `ospos_people` (`person_id`);

--
-- Constraints for table `ospos_expenses`
--
ALTER TABLE `ospos_expenses`
  ADD CONSTRAINT `ospos_expenses_ibfk_1` FOREIGN KEY (`expense_category_id`) REFERENCES `ospos_expense_categories` (`expense_category_id`),
  ADD CONSTRAINT `ospos_expenses_ibfk_2` FOREIGN KEY (`employee_id`) REFERENCES `ospos_employees` (`person_id`);

--
-- Constraints for table `ospos_giftcards`
--
ALTER TABLE `ospos_giftcards`
  ADD CONSTRAINT `ospos_giftcards_ibfk_1` FOREIGN KEY (`person_id`) REFERENCES `ospos_people` (`person_id`);

--
-- Constraints for table `ospos_grants`
--
ALTER TABLE `ospos_grants`
  ADD CONSTRAINT `ospos_grants_ibfk_1` FOREIGN KEY (`permission_id`) REFERENCES `ospos_permissions` (`permission_id`) ON DELETE CASCADE,
  ADD CONSTRAINT `ospos_grants_ibfk_2` FOREIGN KEY (`person_id`) REFERENCES `ospos_employees` (`person_id`) ON DELETE CASCADE;

--
-- Constraints for table `ospos_inventory`
--
ALTER TABLE `ospos_inventory`
  ADD CONSTRAINT `ospos_inventory_ibfk_1` FOREIGN KEY (`trans_items`) REFERENCES `ospos_items` (`item_id`),
  ADD CONSTRAINT `ospos_inventory_ibfk_2` FOREIGN KEY (`trans_user`) REFERENCES `ospos_employees` (`person_id`),
  ADD CONSTRAINT `ospos_inventory_ibfk_3` FOREIGN KEY (`trans_location`) REFERENCES `ospos_stock_locations` (`location_id`);

--
-- Constraints for table `ospos_items`
--
ALTER TABLE `ospos_items`
  ADD CONSTRAINT `ospos_items_ibfk_1` FOREIGN KEY (`supplier_id`) REFERENCES `ospos_suppliers` (`person_id`);

--
-- Constraints for table `ospos_items_taxes`
--
ALTER TABLE `ospos_items_taxes`
  ADD CONSTRAINT `ospos_items_taxes_ibfk_1` FOREIGN KEY (`item_id`) REFERENCES `ospos_items` (`item_id`) ON DELETE CASCADE;

--
-- Constraints for table `ospos_item_kit_items`
--
ALTER TABLE `ospos_item_kit_items`
  ADD CONSTRAINT `ospos_item_kit_items_ibfk_1` FOREIGN KEY (`item_kit_id`) REFERENCES `ospos_item_kits` (`item_kit_id`) ON DELETE CASCADE,
  ADD CONSTRAINT `ospos_item_kit_items_ibfk_2` FOREIGN KEY (`item_id`) REFERENCES `ospos_items` (`item_id`) ON DELETE CASCADE;

--
-- Constraints for table `ospos_item_quantities`
--
ALTER TABLE `ospos_item_quantities`
  ADD CONSTRAINT `ospos_item_quantities_ibfk_1` FOREIGN KEY (`item_id`) REFERENCES `ospos_items` (`item_id`),
  ADD CONSTRAINT `ospos_item_quantities_ibfk_2` FOREIGN KEY (`location_id`) REFERENCES `ospos_stock_locations` (`location_id`);

--
-- Constraints for table `ospos_permissions`
--
ALTER TABLE `ospos_permissions`
  ADD CONSTRAINT `ospos_permissions_ibfk_1` FOREIGN KEY (`module_id`) REFERENCES `ospos_modules` (`module_id`) ON DELETE CASCADE,
  ADD CONSTRAINT `ospos_permissions_ibfk_2` FOREIGN KEY (`location_id`) REFERENCES `ospos_stock_locations` (`location_id`) ON DELETE CASCADE;

--
-- Constraints for table `ospos_receivings`
--
ALTER TABLE `ospos_receivings`
  ADD CONSTRAINT `ospos_receivings_ibfk_1` FOREIGN KEY (`employee_id`) REFERENCES `ospos_employees` (`person_id`),
  ADD CONSTRAINT `ospos_receivings_ibfk_2` FOREIGN KEY (`supplier_id`) REFERENCES `ospos_suppliers` (`person_id`);

--
-- Constraints for table `ospos_receivings_items`
--
ALTER TABLE `ospos_receivings_items`
  ADD CONSTRAINT `ospos_receivings_items_ibfk_1` FOREIGN KEY (`item_id`) REFERENCES `ospos_items` (`item_id`),
  ADD CONSTRAINT `ospos_receivings_items_ibfk_2` FOREIGN KEY (`receiving_id`) REFERENCES `ospos_receivings` (`receiving_id`);

--
-- Constraints for table `ospos_receivings_payables`
--
ALTER TABLE `ospos_receivings_payables`
  ADD CONSTRAINT `ospos_receivings_payables_ibfk_1` FOREIGN KEY (`receiving_id`) REFERENCES `ospos_receivings` (`receiving_id`);

--
-- Constraints for table `ospos_receivings_payments`
--
ALTER TABLE `ospos_receivings_payments`
  ADD CONSTRAINT `ospos_receivings_payments_ibfk_1` FOREIGN KEY (`receiving_id`) REFERENCES `ospos_receivings` (`receiving_id`),
  ADD CONSTRAINT `ospos_receivings_payments_ibfk_2` FOREIGN KEY (`payable_id`) REFERENCES `ospos_receivings_payables` (`payable_id`);

--
-- Constraints for table `ospos_sales`
--
ALTER TABLE `ospos_sales`
  ADD CONSTRAINT `ospos_sales_ibfk_1` FOREIGN KEY (`employee_id`) REFERENCES `ospos_employees` (`person_id`),
  ADD CONSTRAINT `ospos_sales_ibfk_2` FOREIGN KEY (`customer_id`) REFERENCES `ospos_customers` (`person_id`),
  ADD CONSTRAINT `ospos_sales_ibfk_3` FOREIGN KEY (`dinner_table_id`) REFERENCES `ospos_dinner_tables` (`dinner_table_id`);

--
-- Constraints for table `ospos_sales_items`
--
ALTER TABLE `ospos_sales_items`
  ADD CONSTRAINT `ospos_sales_items_ibfk_1` FOREIGN KEY (`item_id`) REFERENCES `ospos_items` (`item_id`),
  ADD CONSTRAINT `ospos_sales_items_ibfk_2` FOREIGN KEY (`sale_id`) REFERENCES `ospos_sales` (`sale_id`),
  ADD CONSTRAINT `ospos_sales_items_ibfk_3` FOREIGN KEY (`item_location`) REFERENCES `ospos_stock_locations` (`location_id`);

--
-- Constraints for table `ospos_sales_items_taxes`
--
ALTER TABLE `ospos_sales_items_taxes`
  ADD CONSTRAINT `ospos_sales_items_taxes_ibfk_1` FOREIGN KEY (`sale_id`) REFERENCES `ospos_sales_items` (`sale_id`),
  ADD CONSTRAINT `ospos_sales_items_taxes_ibfk_2` FOREIGN KEY (`item_id`) REFERENCES `ospos_items` (`item_id`);

--
-- Constraints for table `ospos_sales_reward_points`
--
ALTER TABLE `ospos_sales_reward_points`
  ADD CONSTRAINT `ospos_sales_reward_points_ibfk_1` FOREIGN KEY (`sale_id`) REFERENCES `ospos_sales` (`sale_id`);

--
-- Constraints for table `ospos_suppliers`
--
ALTER TABLE `ospos_suppliers`
  ADD CONSTRAINT `ospos_suppliers_ibfk_1` FOREIGN KEY (`person_id`) REFERENCES `ospos_people` (`person_id`);
